station,1R,1K,1DK,1LDK,2K,2DK,2LDK,3K,3DK,3LDK,4K,4DK
東京,,9.98,15.65,20.40,,,,,,,,
有楽町,,11.00,,,,,,,,,,
新橋,12.28,11.50,14.99,23.74,,,30.97,,,,,
浜松町,12.57,11.14,15.89,20.82,,22.00,35.26,,,33.18,,
田町,11.67,10.25,14.27,20.99,,,27.73,,,38.13,,
高輪ゲートウェイ,11.99,10.67,14.58,22.68,,,24.37,,,,,
品川,9.83,9.74,,21.50,,,34.87,,,34.52,,
大崎,9.69,9.57,11.62,18.67,,12.61,25.14,,,,,
五反田,11.02,9.46,13.29,18.10,13.00,12.52,24.16,,,,,
目黒,11.97,11.04,12.92,20.82,11.06,,32.12,,,35.99,,
恵比寿,12.33,11.41,15.24,23.97,14.12,23.39,33.22,,,55.18,,
渋谷,12.21,11.61,17.54,27.35,18.58,,45.85,,,48.65,,
原宿,10.72,12.31,14.94,24.65,,,56.36,,,81.08,,
代々木,10.83,10.51,12.73,20.09,,,29.24,,,37.40,,
新宿,9.53,11.49,13.04,19.88,,,27.79,,,,,
新大久保,7.96,8.73,11.34,15.54,11.80,,,,,,,
高田馬場,8.00,9.89,11.62,16.87,,12.97,23.71,,,23.33,,
目白,8.02,9.37,11.81,15.94,,,20.68,,,23.48,,
池袋,8.38,9.06,12.68,16.20,12.34,13.28,23.78,,,33.34,,
大塚,8.05,8.72,10.77,14.29,10.35,11.43,19.75,,,,,
巣鴨,8.07,9.33,10.44,15.35,10.18,12.13,19.78,14.25,,,,
駒込,8.07,9.24,10.49,15.48,10.27,13.29,20.60,,,,,
田端,7.88,8.85,9.01,12.74,9.01,11.27,16.91,,28.20,,,
西日暮里,7.57,8.52,9.94,14.59,8.70,10.90,20.19,,,21.88,,
日暮里,7.80,8.44,9.68,13.38,10.31,10.82,20.38,,,25.00,,
鶯谷,7.55,9.59,10.05,15.11,8.35,11.38,16.12,,,27.48,,
上野,9.39,10.21,13.08,16.20,,,20.97,,,22.55,,
御徒町,8.91,10.10,13.36,16.49,10.36,,23.52,,,23.50,,
秋葉原,10.12,10.23,14.98,17.22,13.60,18.51,24.29,,,,,
神田,11.06,9.89,14.56,16.55,,,24.35,,21.00,,,
大宮,6.55,6.96,8.81,11.95,,8.74,16.98,,,17.33,,
さいたま新都心,,6.99,8.20,9.39,,7.58,13.49,,,17.02,,
与野,5.58,6.03,,11.07,,7.34,12.61,,,13.98,,
北浦和,6.37,6.08,7.62,10.78,,7.57,10.84,,10.23,15.76,,
浦和,5.88,6.91,,12.70,8.11,7.24,13.37,,,17.76,,
南浦和,6.13,6.72,6.23,11.92,5.73,8.60,11.77,,9.61,13.61,,
蕨,5.56,6.18,,10.69,,7.68,11.88,,10.48,,,
西川口,5.56,7.29,8.79,8.70,7.69,8.01,10.47,,9.66,,,
川口,6.10,7.63,8.60,11.11,,8.78,12.04,,,15.90,,
赤羽,7.03,8.45,9.65,14.67,9.95,12.46,17.62,,15.33,,,
東十条,6.67,7.87,8.51,11.28,8.72,10.12,16.48,,13.71,15.79,,
王子,6.71,8.31,8.84,12.16,8.96,10.96,18.36,,15.70,,,
上中里,6.57,7.57,7.04,15.13,,10.72,,,,,,
大井町,8.43,9.46,13.39,15.69,,12.76,22.69,,,30.18,,
大森,8.24,8.73,10.97,14.40,10.08,13.61,19.27,,,,,
蒲田,8.55,8.54,11.13,14.09,9.57,11.41,16.11,,,16.91,,
川崎,7.03,7.73,9.87,13.29,,10.04,14.33,,,16.83,,
鶴見,6.31,7.66,8.20,11.15,,10.13,15.66,,12.57,17.54,,
新子安,5.56,6.93,,10.48,,,17.20,,,,,
東神奈川,7.39,8.05,10.75,11.53,,8.84,,,,,,
横浜,7.80,8.26,11.20,17.51,,10.86,25.42,,,25.90,,
桜木町,6.31,8.25,9.85,11.84,,,31.12,,,37.33,,
関内,6.97,7.88,10.00,14.28,9.23,9.35,20.76,,,17.05,,
石川町,6.52,7.38,9.29,13.14,,,26.50,,,22.19,,
山手,5.37,6.42,8.40,9.75,,9.22,,,,,,
根岸,5.49,7.30,8.80,8.81,,9.03,,,,,,
磯子,5.58,5.57,,,7.20,,12.28,,,,,
新杉田,6.02,6.69,,9.25,,7.78,,,,,,
洋光台,,5.98,,8.90,,,9.43,,,,,
港南台,,6.63,,,,,8.13,,,,,
本郷台,5.86,6.44,,,,,,,,,,
大船,6.10,6.82,,11.33,,,15.86,,,15.58,,
御茶ノ水,9.89,10.37,13.28,17.63,,15.56,26.05,,,,,
水道橋,10.75,10.23,13.40,17.37,,15.40,26.02,,,,,
飯田橋,11.27,10.80,13.92,19.73,14.11,,30.08,,,67.00,,
市ケ谷,9.60,10.04,14.63,19.08,13.74,,31.06,,,57.83,,
四ツ谷,10.02,11.11,12.85,17.09,,,37.83,,,51.76,,
信濃町,9.89,10.07,13.70,19.10,15.63,,25.88,,,43.25,,
千駄ケ谷,10.02,11.60,13.77,21.61,,,,,,,,
大久保,9.33,9.10,12.56,17.32,10.48,,23.03,,,29.57,,
東中野,7.83,9.30,10.89,15.40,10.27,12.30,19.11,,,,,
中野,7.51,8.54,11.28,15.59,9.35,12.60,20.62,,,21.66,,
高円寺,7.25,8.33,10.25,15.21,9.99,11.71,19.64,,,,,
阿佐ケ谷,6.74,7.73,10.14,14.08,9.20,13.03,18.06,,,,,
荻窪,7.54,8.10,11.05,13.36,10.97,12.46,15.90,,,,,
西荻窪,7.47,7.85,11.58,14.20,10.24,11.19,22.32,,,,,
吉祥寺,7.19,8.04,9.44,13.44,8.94,14.45,20.46,,,,,
三鷹,8.02,7.36,9.85,13.31,9.57,12.57,20.98,,,24.22,,
武蔵境,7.28,7.29,9.41,13.54,11.67,10.52,14.69,,10.60,19.36,,
東小金井,5.80,6.33,7.29,9.93,8.30,9.05,,,12.50,15.27,,
武蔵小金井,6.09,6.44,7.63,12.37,,8.26,13.83,,10.30,26.85,,
国分寺,5.91,6.61,7.99,10.53,8.92,8.61,,,,,,
西国分寺,5.33,6.15,,,6.34,7.80,9.72,,,,,
国立,5.53,6.64,9.33,13.98,8.50,9.43,16.95,,,14.80,,
立川,5.90,7.13,8.47,12.09,8.36,9.40,16.25,,,19.96,,
日野,4.71,5.72,,9.35,,6.99,9.41,,,11.60,,
豊田,6.11,6.14,7.48,9.78,8.22,8.59,10.98,,,,,
八王子,4.32,6.29,7.53,10.49,6.00,7.46,10.83,,11.13,14.85,,
西八王子,3.79,5.94,6.66,9.39,,6.88,9.98,,9.00,,,
高尾,3.94,5.31,,,,7.15,11.34,,,,,
千葉,6.08,6.19,6.96,9.13,,6.69,11.60,,8.57,15.57,,
西千葉,5.61,4.97,7.32,9.13,,,8.97,,,16.66,,
稲毛,5.60,5.55,6.68,8.42,,7.52,9.49,,8.43,,,
新検見川,5.25,5.37,,7.23,5.20,6.52,8.86,,,,,
幕張,6.00,5.80,6.64,8.22,,6.56,,,7.02,,,
幕張本郷,4.61,6.11,7.70,8.51,,7.85,11.58,,8.76,10.98,,
津田沼,5.43,6.24,7.12,10.56,,,14.33,,,15.24,,
東船橋,6.44,6.29,7.12,9.45,,8.29,10.36,,8.42,,,
船橋,6.22,6.73,7.67,11.87,7.02,8.20,14.50,,,16.26,,
西船橋,7.42,6.87,8.19,10.11,6.73,8.45,11.76,,9.44,11.87,,
下総中山,5.45,6.45,7.70,10.00,,7.62,12.14,,,,,
本八幡,6.30,6.84,7.70,9.76,6.87,8.47,12.19,,10.23,18.78,,
市川,6.60,6.64,7.50,10.66,7.19,8.82,13.66,,,19.84,,
小岩,5.76,6.72,7.76,9.96,8.16,9.00,13.42,,,11.20,,
新小岩,6.34,7.48,7.75,11.59,,9.10,13.76,,,,,
平井,6.31,6.97,8.26,10.82,,13.04,15.16,,,19.15,,
亀戸,8.02,8.26,9.65,13.30,9.67,10.90,15.49,,,16.77,,
錦糸町,8.75,8.92,11.38,14.40,9.03,14.56,19.56,,,21.04,,
両国,8.69,9.42,11.10,15.74,10.74,12.59,19.65,,,,,
浅草橋,9.02,10.17,12.12,16.80,13.22,16.05,21.98,,,,,
戸塚,5.73,6.70,9.37,11.36,,8.11,,,,16.44,,
藤沢,5.81,6.80,7.27,9.47,,7.94,12.11,,,14.55,,
辻堂,5.99,5.95,,,,7.90,8.07,,,17.70,,
茅ケ崎,5.59,5.66,6.17,10.57,,8.45,,,,21.31,,
平塚,5.49,5.83,,,,6.47,10.55,,,12.68,,
大磯,,4.86,,,,,,,,,,
二宮,,5.57,,,,,,,,,,
国府津,,4.47,,6.77,,,,,,,,
鴨宮,4.11,5.15,5.17,6.66,,6.35,6.39,,6.47,,,
小田原,5.64,6.35,,7.06,,6.11,,,,,,
早川,,3.96,,,,,,,,,,
根府川,,,,,,,,,,,,
真鶴,,,,,,,,,,,,
湯河原,,5.37,,,,,,,,,,
三河島,6.96,8.45,8.58,12.14,8.32,10.36,19.24,,,,,
南千住,7.83,8.16,10.71,15.28,8.36,10.83,19.73,,,18.33,,
北千住,6.56,7.57,9.19,12.16,8.34,9.80,15.63,,,18.67,,
綾瀬,6.27,6.87,7.88,10.90,7.02,8.73,11.17,,10.16,13.01,,
亀有,6.39,6.99,8.05,10.25,11.09,8.93,12.50,,10.97,12.20,,
金町,5.28,6.32,6.63,10.34,,8.32,11.63,,,13.66,,
松戸,6.14,6.48,7.74,10.95,,8.50,11.59,,,16.46,,
北松戸,6.41,5.75,6.86,7.94,,7.13,8.74,,8.57,,,
馬橋,5.30,5.82,7.23,7.59,,5.89,9.84,,6.80,11.91,,
新松戸,5.40,5.62,4.80,7.50,,5.49,8.39,,,9.56,,
北小金,4.49,5.08,,7.87,,6.88,9.04,,,,,
南柏,4.84,5.38,6.32,9.31,,6.47,10.60,,,11.03,,
柏,4.90,6.38,7.84,10.16,,10.44,12.74,,,14.80,,
北柏,4.11,4.79,,7.13,,,,,,9.49,,
我孫子,4.24,4.95,,8.71,,5.84,9.04,,,,,
天王台,3.67,4.62,,7.41,,5.70,9.39,,,8.70,,
片倉,3.96,4.83,,7.99,,6.59,8.20,,7.78,,,
八王子みなみ野,5.69,5.82,,8.55,,,10.25,,,11.70,,
相原,4.20,4.91,,7.64,,6.82,7.80,,6.96,,,
橋本,4.22,5.52,7.01,8.35,,7.78,9.42,,8.90,,,
相模原,4.91,5.17,5.97,8.63,,7.73,9.31,,,8.20,,
矢部,3.66,4.66,6.49,,,6.34,,,,,,
淵野辺,4.36,5.08,6.14,9.90,5.77,6.74,8.71,,,,,
古淵,5.13,5.29,,8.09,,6.64,7.22,,7.48,10.59,,
町田,6.12,7.07,8.47,9.98,,8.39,12.70,,8.01,15.41,,
成瀬,,5.68,7.32,8.96,,7.59,,,,,,
長津田,6.25,6.11,6.14,,,7.59,9.60,,8.87,13.07,,
十日市場,5.28,5.31,,9.00,,7.69,,,,,,
中山,5.67,5.98,6.46,8.52,,7.31,11.58,,9.51,11.34,,
鴨居,7.05,6.67,,9.10,,,,,,12.36,,
小机,5.67,6.32,,,,6.74,8.50,,,,,
新横浜,7.56,8.11,9.91,12.70,,8.24,12.21,,11.62,17.18,,
菊名,6.07,6.56,7.54,10.09,7.04,9.47,12.37,,,16.40,,
大口,5.50,6.73,8.77,9.26,,7.90,,,,13.80,,
羽沢横浜国大,4.98,6.44,,,,,,,,,,
武蔵小杉,7.04,8.05,10.30,14.31,9.62,10.20,21.80,,,26.05,,
西大井,8.23,8.40,11.05,14.05,,11.87,16.62,,,,,
板橋,7.04,8.54,10.34,13.79,8.81,10.47,21.00,,,,,
十条,6.30,7.66,8.30,12.00,8.75,10.01,18.77,,15.50,16.07,,
北赤羽,5.88,7.41,8.63,10.64,7.10,9.76,,,,,,
浮間舟渡,6.00,6.80,,10.91,7.40,9.25,10.17,,,,,
戸田公園,5.39,6.20,,13.32,,8.29,,,,,,
戸田,5.20,5.79,,12.56,6.60,7.48,12.45,,,13.57,,
北戸田,5.19,6.06,7.02,11.32,,6.59,11.21,,,15.15,,
武蔵浦和,5.53,6.72,,12.13,,7.73,14.14,,,13.23,,
中浦和,4.79,5.71,,10.93,,7.46,9.23,,8.13,10.82,,
南与野,,5.77,5.50,8.24,4.50,7.58,10.93,,7.32,,,
与野本町,5.41,6.09,6.43,9.18,,,11.31,,8.85,,,
北与野,6.77,6.51,7.75,8.71,,8.59,13.35,,8.50,18.87,,
日進,6.88,5.59,,7.97,,5.85,7.26,,,14.88,,
西大宮,,5.92,,8.31,8.60,,9.41,,,13.00,,
指扇,4.77,4.78,,7.56,,,7.99,,7.63,9.30,,
南古谷,,4.32,,6.38,,,,,,,,
川越,5.94,6.55,7.51,9.25,,6.91,10.94,,,,,
浜川崎,5.40,6.37,,,,,,,,,,
小田栄,5.77,6.58,,9.41,,,,,,,,
川崎新町,5.71,7.31,7.95,9.79,,8.30,,,,,,
八丁畷,6.06,7.17,,9.60,9.67,9.42,,,,,,
尻手,5.94,7.87,8.69,11.12,9.64,9.95,11.81,,12.29,,,
矢向,6.14,7.16,7.83,10.38,7.45,9.09,,,,18.78,,
鹿島田,6.31,6.97,9.13,12.18,7.37,9.96,17.94,,,19.50,,
平間,6.10,7.43,10.22,11.08,,9.92,12.17,,10.70,,,
向河原,6.34,7.37,9.96,11.76,,9.01,,,,25.94,,
武蔵中原,6.85,7.29,8.03,10.84,,9.47,13.54,,10.84,,,
武蔵新城,6.76,7.09,7.30,11.61,,9.31,11.86,,,18.01,,
武蔵溝ノ口,7.23,7.37,9.39,12.97,,,,,,17.73,,
津田山,5.60,6.73,,10.55,,,,,,14.80,,
久地,5.84,6.16,8.03,9.72,,8.39,17.72,,9.65,,,
宿河原,5.00,6.08,,10.28,7.97,8.92,11.26,,9.25,,,
登戸,6.05,6.34,6.98,12.71,10.93,8.64,12.58,,,14.07,,
中野島,5.51,6.28,7.30,9.94,5.61,7.38,11.10,,9.12,10.81,,
稲田堤,5.17,5.50,,8.72,,7.49,9.33,,9.14,,,
矢野口,4.71,5.12,,8.35,6.09,7.43,,,,11.80,,
稲城長沼,4.90,5.16,5.29,8.50,,6.74,8.30,,,10.28,,
南多摩,,5.66,,8.62,,7.80,,,,,,
府中本町,5.36,6.54,,9.96,,7.86,,,,14.73,,
分倍河原,5.18,5.55,5.87,9.80,,8.73,9.92,,,10.78,,
西府,5.91,5.71,,9.76,6.62,8.17,11.80,,,,,
谷保,6.01,5.97,8.39,,,7.95,12.04,,9.03,11.86,,
矢川,5.10,5.72,10.96,11.24,,7.44,8.88,,,,,
西国立,5.11,5.86,7.74,10.14,,7.81,12.97,,,14.87,,
新川崎,6.15,7.66,8.82,11.34,7.21,8.99,17.92,,,15.57,,
保土ケ谷,5.34,6.36,6.77,9.86,,,,,,12.00,,
東戸塚,6.28,6.96,,10.76,,9.13,12.52,,11.24,14.25,,
北鎌倉,,,,,,,,,,,,
鎌倉,7.57,7.13,,,,,,,,,,
逗子,,6.38,,,,,,,,,,
東逗子,,5.93,,,,,,,,,,
田浦,3.95,,,,,,,,,,,
横須賀,,4.11,,,,6.43,,,,,,
衣笠,5.42,5.54,,,,,,,,,,
久里浜,,5.64,,,,5.88,,,,,,
北府中,,5.88,,,,,,,,,,
新小平,4.84,5.20,,7.90,,7.32,9.40,,,,,
新秋津,5.33,5.52,,9.50,6.70,6.26,,,,,,
東所沢,5.20,5.81,7.30,8.26,,5.94,,,7.16,8.37,,
新座,5.80,5.56,,,,6.74,,,,,,
北朝霞,4.96,5.96,5.39,9.46,6.04,8.21,9.77,,,10.68,,
西浦和,5.36,5.32,,7.87,,7.15,9.23,,,,,
東浦和,5.52,5.61,,8.38,,5.89,8.43,,7.94,16.73,,
東川口,5.07,5.70,6.32,9.40,5.47,6.32,11.88,,,15.03,,
南越谷,6.23,5.68,,,,6.08,,,7.43,11.49,,
越谷レイクタウン,7.30,,,8.32,,,9.95,,,,,
吉川,6.30,5.62,5.40,7.58,7.00,6.13,8.04,,,,,
吉川美南,,6.08,,8.80,,,,,,,,
新三郷,,,,,,,,,,,,
三郷,4.88,5.86,,7.45,6.90,6.51,,,,9.23,,
南流山,4.15,6.16,7.72,9.14,,6.52,10.77,,8.12,11.80,10.70,
新八柱,4.48,5.14,,,,5.72,9.00,,,9.33,,
東松戸,5.51,5.83,,9.15,,6.60,10.47,,,14.34,,
市川大野,,5.10,,7.22,,6.65,7.97,,6.00,,,
船橋法典,,6.03,,8.06,,8.10,8.32,,,9.37,,
南船橋,,,,,,,,,,,,
市川塩浜,,,,,,,,,,,,
尾久,6.55,7.50,7.55,11.43,,8.97,14.83,,,,,
宮原,5.91,5.32,,8.92,,5.86,7.83,,7.08,10.36,,
上尾,,5.87,,8.96,,5.98,,,,14.00,,
北上尾,4.70,5.38,,6.81,,,,,5.98,,,
桶川,5.93,4.98,,6.28,,,6.25,,,8.42,,
北本,4.29,4.68,,,,6.21,7.07,,,8.49,,
鴻巣,,4.47,,,,5.13,,,,8.22,,
北鴻巣,,5.31,,,,,,,,,,
吹上,4.37,4.27,,,,5.06,,,,,,
行田,,5.39,,5.76,,,6.13,,,,,
熊谷,4.95,5.52,,,,,,,,,,
籠原,3.76,5.19,,6.72,,4.89,6.97,,,,,
深谷,5.85,3.96,,6.24,,,5.78,,,,,
岡部,,,,,,,,,,,,
本庄,,4.31,,5.83,,,5.88,,,,,
神保原,,3.92,,4.70,,3.91,4.57,,,,,
八丁堀,11.01,9.81,14.21,17.62,,17.02,24.29,,,32.90,,
越中島,8.58,9.22,10.95,16.54,,,22.24,,,,,
潮見,6.41,8.05,,,,,16.60,,14.56,17.07,,
新木場,,,,,,,,,,,,
葛西臨海公園,,,,,,,,,,,,
舞浜,,6.35,,,,,,,,,,
新浦安,6.09,7.20,8.40,,,,,,,,,
二俣新町,,,,,,,,,,,,
新習志野,,,,,,,,,,,,
海浜幕張,7.90,,,,,,,,,,,
検見川浜,,,,,,,,,,,,
稲毛海岸,7.36,6.81,,,,,,,,,,
千葉みなと,6.14,6.18,6.57,8.25,,,12.03,,,16.59,,
蘇我,5.89,5.95,6.08,8.95,,6.07,11.21,,7.75,10.48,,
土呂,,5.81,,9.59,,6.10,11.18,,,9.31,,
東大宮,4.77,5.14,7.30,8.79,,,8.53,,6.25,8.32,,
蓮田,,4.69,,,,,8.03,,7.02,,,
白岡,6.27,5.50,,7.13,,5.38,,,,,,
新白岡,,5.28,,6.80,,,,,,,,
久喜,4.28,5.15,,6.13,,5.40,,,,,,
東鷲宮,,,,,,,,,,,,
栗橋,,5.16,,,,4.77,5.87,,,,,
相模湖,,,,,,,,,,,,
藤野,,,,,,,,,,,,
新日本橋,11.70,10.21,15.31,16.78,,,,,,,,
馬喰町,9.79,10.62,13.78,17.05,,20.19,23.50,,,,,
東千葉,5.42,5.11,5.78,8.14,5.00,5.84,9.10,,,,,
都賀,4.21,4.48,5.32,6.97,4.22,5.90,6.90,,7.08,6.90,,
四街道,5.60,5.09,,6.39,,5.16,,,,,,
物井,,4.26,,7.40,,,,,,,,
佐倉,5.50,5.19,,6.98,,4.86,7.86,,,,,
南酒々井,,,,,,,,,,,,
榎戸,,4.95,,,,,,,,,,
八街,,,,,,4.50,5.83,,,,,
日向,,,,,,,,,,,,
成東,,4.38,,,,,,,,,,
松尾,,,,,,,,,,,,
横芝,,,,,,,,,,,,
飯倉,,,,,,4.86,,,,,,
八日市場,,,,,,,,,,,,
干潟,,,,,,,,,,,,
旭,,,,,,,,,,,,
飯岡,,,,,,,,,,,,
倉橋,,,,,,,,,,,,
猿田,,,,,,,,,,,,
松岸,,3.88,,,,,,,,,,
銚子,,3.84,,,,,,,,,,
西立川,4.83,5.57,,,,7.80,14.36,,,,,
東中神,4.80,6.18,5.32,8.30,5.00,,,,,,,
中神,4.51,6.19,,8.36,,6.54,,,,,,
昭島,6.00,4.95,,8.44,,7.31,9.15,,,,,
拝島,3.97,4.65,,,,6.71,,,,,,
牛浜,,4.18,,6.89,,6.01,7.68,,7.10,,,
福生,5.83,5.06,4.92,7.42,,6.22,8.44,,6.81,,,
羽村,,5.20,,7.80,,5.83,,,6.16,,,
小作,4.93,5.95,,7.45,,6.51,6.24,,6.37,7.53,,
河辺,5.28,5.22,,7.49,,6.77,8.01,,,,,
東青梅,,3.87,,6.79,,,6.94,,,,,
青梅,,4.65,,,,,,,,,,
宮ノ平,,,,,,,,,,,,
日向和田,,,,,,,,,,,,
石神前,,,,,,,5.13,,,,,
二俣尾,,,,,,,,,,,,
軍畑,,,,,,,,,,,,
沢井,,,,,,,,,,,,
御嶽,,,,,,,,,,,,
川井,,,,,,,,,,,,
古里,,,,,,,,,,,,
鳩ノ巣,,,,,,,,,,,,
白丸,,,,,,,,,,,,
奥多摩,,,,,,,,,,,,
北八王子,,5.50,,,,7.60,,,,,,
小宮,4.23,4.33,,7.86,,4.45,,,6.80,,,
東福生,,4.91,,5.77,,5.94,,,7.09,,,
箱根ケ崎,,4.72,,,,,,,,,,
金子,,,,5.30,,,6.30,,,,,
東飯能,4.74,5.20,,7.53,,,,,,,,
高麗川,,4.42,,,,,6.99,,,,,
毛呂,,4.39,,6.43,,,,,,,,
越生,,3.90,,,,,5.61,,,,,
明覚,,,,,,,,,,,,
小川町,,,,,,,,,,,,
竹沢,,,,,,,,,,,,
折原,,,,,,,,,,,,
寄居,,,,,,,5.66,,,,,
用土,,,,,,,5.71,,,,,
松久,,,,,,,,,,,,
児玉,,4.01,,4.88,,,,,,,,
丹荘,,3.80,,,,,,,,,,
熊川,3.48,4.49,,6.40,,5.73,,,6.86,,,
東秋留,,,,5.50,,,,,,,,
秋川,,4.48,,5.98,,5.58,,,6.31,,,
武蔵引田,,,5.95,6.15,,,,,,,,
武蔵増戸,,3.34,,6.43,,,6.40,,,,,
武蔵五日市,,,,,,,8.80,,,,,
本庄早稲田,5.48,,,,,,,,,,,
落合,7.42,8.27,10.84,14.84,9.95,12.00,17.65,,,21.07,,
早稲田,8.06,8.52,11.85,14.48,,12.38,,,,,,
神楽坂,9.44,9.92,12.43,18.12,13.49,13.14,27.49,,,29.90,,
九段下,10.86,10.39,15.17,19.39,,17.90,29.17,,,,,
竹橋,10.04,11.71,,22.24,,,,,,,,
大手町,11.66,10.45,,17.15,,,,,,,,
日本橋,11.62,9.38,16.14,17.58,,,,,,,,
茅場町,10.87,9.52,14.05,17.76,,16.54,23.39,,,32.10,,
門前仲町,9.70,9.56,11.39,13.89,10.66,12.03,21.82,,,,,
木場,9.04,9.38,11.42,12.23,9.27,9.96,16.27,,,18.43,,
東陽町,9.10,9.29,11.26,13.32,9.53,10.82,18.51,,,18.75,,
南砂町,7.14,8.56,9.92,14.08,,,17.43,,,,,
西葛西,6.66,6.97,8.14,11.92,,8.67,12.13,,,14.78,,
葛西,6.75,6.96,8.37,10.36,9.05,9.11,13.02,,,14.63,,
浦安,6.33,6.77,7.30,10.16,7.23,8.53,,,,,,
南行徳,5.67,6.73,7.06,9.85,7.18,7.86,10.94,,,13.26,,
行徳,6.15,6.66,7.02,9.30,,8.49,10.74,,,13.28,,
妙典,6.62,6.38,8.02,9.84,6.70,9.19,11.78,,11.57,13.23,,
原木中山,6.23,5.87,6.93,9.06,,7.23,10.39,,8.18,10.75,,
和光市,6.86,6.14,7.80,10.45,7.14,8.46,14.18,,,18.39,,
地下鉄成増,6.30,6.78,8.65,11.66,6.93,8.79,13.09,,11.22,16.00,,
地下鉄赤塚,6.22,7.30,7.50,12.41,8.46,9.06,13.18,,10.99,,,
平和台,6.38,7.18,8.96,11.20,,9.46,13.58,,11.84,,,
氷川台,6.10,7.18,8.94,11.44,8.43,9.15,13.66,,,,,
小竹向原,6.64,7.68,8.59,12.71,7.66,10.02,14.05,,,,,
千川,6.70,7.37,9.02,12.08,7.73,10.61,14.04,,,,,
要町,6.84,8.52,10.16,13.32,8.65,11.26,19.61,,,,,
東池袋,7.29,8.94,12.03,15.06,11.82,11.94,21.69,,,,,
護国寺,7.60,8.03,10.07,15.58,13.98,11.78,18.51,,,40.55,,
江戸川橋,8.70,9.32,11.91,15.88,11.75,12.82,24.00,,,36.42,,
麹町,13.03,12.91,17.43,23.50,,,39.28,,,,,
永田町,,12.67,14.92,28.79,,,82.93,,,,,
桜田門,,,,,,,,,,,,
銀座一丁目,16.00,11.10,,18.88,15.50,,,,,,,
新富町,10.31,10.45,13.95,18.04,,16.31,26.22,,,35.30,,
月島,10.55,10.53,12.51,16.88,,16.04,24.43,,,29.53,,
豊洲,12.30,9.93,15.12,17.23,,,23.73,,,27.53,,
辰巳,14.46,10.88,13.60,16.59,,,17.38,,,23.94,,
新大塚,8.37,8.56,10.44,14.61,11.20,11.62,20.20,,,22.71,,
茗荷谷,8.51,8.58,10.68,17.08,,16.36,25.26,,,31.86,,
後楽園,10.04,9.17,12.69,16.83,,20.05,28.76,,23.23,42.68,,
本郷三丁目,9.94,10.06,12.78,18.44,,11.98,24.96,,,,,
淡路町,10.22,10.29,14.53,17.96,,,26.61,,21.00,,,
銀座,13.72,12.03,14.00,21.05,15.30,,33.42,,,,,
霞ケ関,,9.95,,,,,,,,,,
国会議事堂前,13.20,,,21.90,,,,,,,,
赤坂見附,14.53,12.28,15.07,22.80,13.48,,44.11,,,,,
四谷三丁目,9.84,10.36,12.97,18.28,,14.77,25.15,,,42.75,,
新宿御苑前,11.00,10.88,14.23,19.87,,,28.01,,,37.06,,
新宿三丁目,10.29,11.23,14.38,24.26,12.75,,28.25,,,42.54,,
西新宿,11.33,10.39,13.29,24.29,,,31.27,,,40.77,,
中野坂上,7.63,9.62,11.93,14.37,10.43,12.44,21.08,,,25.97,,
新中野,7.56,8.41,11.24,13.81,10.49,11.33,16.69,,,,,
東高円寺,7.49,8.33,9.87,15.95,9.45,12.76,19.52,,,22.63,,
新高円寺,6.94,8.35,10.15,14.90,9.83,12.23,19.70,,,,,
南阿佐ケ谷,6.41,8.02,10.27,13.74,9.49,11.75,17.64,,,,,
中野新橋,7.59,8.56,10.86,17.00,10.06,12.74,19.34,,,,,
中野富士見町,7.36,8.23,11.03,16.23,10.18,10.57,18.74,,,25.30,,
方南町,6.46,8.45,11.54,14.48,10.82,11.82,17.47,,,,,
三ノ輪,7.42,8.30,9.76,13.39,9.96,10.38,15.87,,,19.77,,
入谷,7.96,9.31,10.46,14.73,10.38,10.15,18.43,,,22.53,,
仲御徒町,9.92,10.45,13.99,16.09,,18.64,24.39,,,,,
小伝馬町,11.56,9.66,14.57,17.60,,,23.87,,,34.03,,
人形町,10.51,9.72,14.04,18.68,14.28,17.25,23.98,,,32.02,,
築地,11.06,10.23,13.43,17.81,14.13,17.35,27.28,,,32.66,,
東銀座,12.05,11.47,14.47,19.60,,,28.26,,,,,
日比谷,,,,,,,,,,,,
虎ノ門ヒルズ,13.15,11.52,,,,,28.00,,,,,
神谷町,13.57,12.67,16.18,31.80,,,49.62,,,91.37,,
六本木,13.36,12.69,15.56,25.00,,16.59,40.10,,,72.80,,
広尾,12.25,11.50,14.12,22.62,,,37.65,,,41.85,,
中目黒,10.96,12.21,13.82,22.39,,16.40,31.99,,,32.50,,
北綾瀬,5.34,7.02,7.28,8.70,7.39,8.62,10.27,,9.28,,,
町屋,6.36,7.24,8.25,11.97,9.16,10.86,13.25,,,,,
千駄木,7.46,8.24,9.18,15.60,8.79,11.87,21.92,,,25.30,,
根津,7.94,9.13,11.26,15.38,,11.72,21.11,,,,,
湯島,10.40,9.93,11.78,17.44,,,26.15,,,,,
新御茶ノ水,9.04,10.72,14.04,18.60,,,,,,,,
二重橋前,,,,,,,,,,,,
赤坂,13.79,12.77,16.31,23.06,14.01,21.98,32.15,,,90.00,,
乃木坂,13.04,12.71,13.26,24.54,,,37.96,,,46.56,,
表参道,16.76,13.50,17.59,28.09,,,47.43,,,65.61,,
明治神宮前,15.77,14.03,18.45,26.81,,,49.07,,,,,
代々木公園,11.13,9.26,13.69,20.57,,,28.76,,,49.29,,29.80
代々木上原,9.41,9.45,13.56,18.88,,15.20,25.28,,,41.67,,
赤羽岩淵,7.27,8.18,9.68,13.29,8.01,10.69,13.77,,14.64,15.27,,
志茂,6.07,7.09,8.68,10.94,8.30,9.98,14.64,,18.30,,,
王子神谷,6.41,7.92,8.91,13.46,7.71,9.61,17.28,,,,,
西ケ原,6.24,7.45,9.68,12.50,6.62,11.18,14.24,,,,,
本駒込,7.99,8.60,10.46,15.56,9.99,12.37,24.33,15.15,,,,
東大前,8.54,8.80,12.78,15.27,,17.16,20.75,,,,,
溜池山王,16.06,11.72,16.48,23.99,,,36.42,,,,,
六本木一丁目,14.87,14.68,16.61,28.23,,,43.68,,,95.20,,
麻布十番,13.52,12.82,14.59,25.37,12.64,16.15,40.45,,,67.94,,
白金高輪,11.50,10.55,14.32,19.88,,17.60,28.88,,,40.95,,
白金台,12.00,12.12,14.16,20.63,16.35,,35.04,,,33.98,,
浅草,8.19,9.42,10.57,15.27,10.41,10.94,20.20,,13.63,21.02,,
田原町,9.38,9.79,12.91,16.85,10.95,18.76,22.00,,,,,
稲荷町,9.03,9.73,11.92,15.91,,,21.66,,,,,
上野広小路,9.87,9.37,,17.51,,,27.36,,,,,
末広町,10.96,10.36,13.68,16.13,13.60,,24.01,,,,,
三越前,10.70,11.04,13.87,17.77,,,24.03,,,32.80,,
京橋,9.59,10.12,13.62,17.69,,,,,,,,
虎ノ門,12.61,11.17,15.01,,,,43.97,,,,,
青山一丁目,12.11,13.68,12.24,27.68,,,53.02,,,46.33,,
外苑前,15.42,15.07,19.07,26.30,,,41.71,,,,,
半蔵門,12.22,12.38,17.07,23.94,,20.50,35.17,,,78.00,,
神保町,10.70,10.80,14.13,22.07,,,27.37,,,,,
水天宮前,10.45,9.53,11.78,18.61,11.97,13.92,23.94,,,30.47,,
清澄白河,8.42,9.31,11.56,13.40,10.52,11.36,19.13,,,,,
住吉,8.26,8.96,11.27,15.09,9.42,11.14,17.38,,,18.81,,
押上,7.90,9.23,11.13,15.06,10.24,14.01,17.92,,,18.13,,
雑司が谷,7.19,8.51,11.53,14.22,10.58,11.86,21.68,,,24.83,,
西早稲田,8.00,9.59,11.51,16.27,,12.56,20.43,,,19.96,,
東新宿,9.11,9.90,11.73,18.58,11.67,,19.44,,,25.83,,
北参道,11.56,11.03,12.69,20.88,,,36.42,,,41.40,,
代官山,12.28,12.78,13.55,25.30,16.88,16.11,36.38,,,,,
祐天寺,8.42,10.04,10.83,15.65,11.35,,25.14,,,30.17,,
学芸大学,9.40,9.37,11.61,15.16,,13.58,21.07,,,28.00,,
都立大学,9.84,9.21,12.71,15.56,,17.57,20.55,,,,,
自由が丘,9.38,9.56,12.43,17.58,10.08,14.05,24.62,,,,,
田園調布,8.15,8.25,9.97,14.24,,,20.11,,,,,
多摩川,9.12,7.78,10.31,12.89,,11.60,,,,28.63,,
新丸子,6.91,7.92,9.90,13.69,7.76,10.43,19.56,,,,,
元住吉,7.00,7.43,8.72,12.25,10.20,10.47,15.53,,,,,
日吉,6.17,6.81,7.53,10.56,6.96,9.69,16.83,,,,,
綱島,6.32,6.75,8.17,13.93,,9.36,15.96,,,17.13,,
大倉山,6.97,6.52,9.09,11.39,8.80,9.66,,,11.30,,,
妙蓮寺,5.56,6.20,,10.92,6.40,7.90,12.90,,,,,
白楽,5.42,6.25,7.71,11.45,,9.07,,,12.45,,,
東白楽,5.27,6.35,7.68,11.79,7.46,8.75,,,12.45,,,
反町,6.71,7.56,8.56,11.88,,,16.48,,,,,
池尻大橋,9.66,10.88,12.13,17.32,,12.95,35.07,,,92.77,,
三軒茶屋,9.21,9.84,11.32,17.66,,13.26,24.02,,,27.00,,
駒沢大学,9.19,8.87,10.41,17.10,,13.06,23.65,,,21.79,,
桜新町,8.82,9.02,10.87,14.16,,,22.24,,,27.56,,
用賀,7.98,8.88,10.43,14.42,,,21.19,,,29.22,,
二子玉川,6.65,8.36,9.39,16.67,,,,,,,,
二子新地,6.78,7.62,7.71,12.09,,11.55,,,,,,
高津,7.23,7.37,8.77,12.47,7.60,11.00,12.92,,,17.72,,
溝の口,7.38,7.62,9.56,12.01,,,12.59,,,17.34,,
梶が谷,6.71,6.89,7.73,12.21,,8.18,11.76,,,,,
宮崎台,6.01,6.58,7.16,9.96,,10.50,12.60,,9.03,18.45,,
宮前平,6.19,7.11,,10.30,7.33,9.36,13.77,,10.50,14.44,,
鷺沼,5.91,7.77,7.88,10.74,,8.28,13.49,,10.46,13.37,,
たまプラーザ,8.07,7.20,,13.45,,8.77,18.28,,,22.84,,
あざみ野,6.87,7.51,,9.60,,7.82,15.11,,,20.20,,
江田,6.84,6.78,6.50,9.03,,8.05,,,,15.16,,
市が尾,6.71,6.82,,9.31,,7.80,10.23,,,,,
藤が丘,6.11,6.37,,9.14,,,11.57,,9.27,10.01,,
青葉台,6.04,6.31,12.43,12.50,,8.04,13.89,,,18.11,,
田奈,5.65,5.78,,9.81,,6.46,,,,,,
つくし野,,,,,,,,,,,,
すずかけ台,5.50,6.20,,,,,,,,,,
南町田グランベリーパーク,5.41,5.26,,,,7.56,,,,,,
つきみ野,,5.23,,7.85,,7.30,,,8.60,11.22,,
中央林間,4.76,5.44,5.11,9.77,,7.08,11.50,,,11.25,,
大崎広小路,11.00,8.48,12.11,16.80,11.53,,19.81,,,,,
戸越銀座,8.67,9.39,11.23,15.06,8.56,13.82,20.90,,,,,
荏原中延,8.14,8.97,10.96,13.43,,,15.57,,16.00,,,
旗の台,7.88,8.12,9.76,13.60,10.03,11.69,,,,,,
長原,7.85,8.25,9.42,14.70,,11.59,15.33,,,18.00,,
洗足池,6.47,7.45,8.99,13.94,,11.03,17.64,,,,,
石川台,7.34,7.71,9.07,12.72,9.86,10.92,16.23,,14.04,22.65,,
雪が谷大塚,6.85,7.70,9.14,12.81,9.20,10.46,,,,,,
御嶽山,7.11,7.69,,12.72,,9.96,15.73,,,,,
久が原,6.87,7.69,,13.09,,9.90,14.94,,,,,
千鳥町,6.75,7.52,9.04,13.22,,9.57,,,,,,
池上,7.36,7.91,10.03,11.52,10.56,14.07,13.99,,,,,
蓮沼,7.32,8.61,10.98,13.79,9.25,10.30,15.31,,,17.36,,
下神明,7.46,8.49,11.25,14.87,,,22.29,,,,,
戸越公園,8.25,8.56,11.57,14.15,10.30,11.73,18.31,,,,,
中延,8.08,8.67,10.61,13.71,8.81,11.20,17.80,,,,,
荏原町,7.74,8.29,8.62,14.28,9.30,11.13,16.49,,,,,
北千束,8.49,7.93,11.05,14.17,10.40,11.35,19.35,,,30.22,,
大岡山,8.37,8.63,10.81,15.80,11.80,13.12,20.26,,,,,
緑が丘,7.86,8.58,11.72,15.26,9.00,14.63,21.67,,,29.01,,
九品仏,8.29,8.15,9.18,15.28,,,17.49,,,,,
尾山台,9.34,8.25,9.76,14.02,,11.08,20.26,,,23.30,,
等々力,9.17,7.99,9.11,13.20,,12.50,20.93,,,,,
上野毛,6.41,8.04,8.40,13.73,,,19.27,,,,,
不動前,9.48,9.50,11.77,19.18,12.57,,23.12,,,34.43,,
武蔵小山,9.18,9.14,11.59,16.09,14.62,15.24,20.75,,,27.40,,
西小山,8.67,8.69,11.05,14.20,9.99,12.05,16.58,,,,,
洗足,8.24,8.10,9.98,12.96,10.71,11.77,19.40,,,,,
奥沢,7.19,9.04,11.48,15.47,10.32,14.04,21.55,,,,,
沼部,6.95,7.68,9.91,12.30,,11.39,15.08,,,17.13,,
鵜の木,6.69,7.87,8.66,12.92,,,,,,,,
下丸子,6.82,7.89,7.96,12.31,,,,,,,,
武蔵新田,6.86,7.57,8.86,11.20,8.35,10.01,13.98,,,,,
矢口渡,6.89,7.95,9.08,12.09,,11.35,15.83,,,17.88,,
西太子堂,7.59,9.92,10.00,16.42,,12.69,23.17,,,,,
若林,6.86,8.61,9.93,13.25,,,24.78,,,33.25,,
松陰神社前,7.49,8.34,9.58,13.91,,12.96,22.43,,,,,
世田谷,7.29,8.08,9.32,13.18,,11.54,20.58,,,,,
上町,6.48,7.51,8.38,13.15,8.43,11.30,21.80,,,18.48,,
宮の坂,6.32,6.91,9.68,14.26,,,,,,,,
山下,6.25,7.45,8.20,16.82,9.52,11.08,,,,,,
松原,7.01,6.99,,13.15,,9.94,15.50,,,,,
下高井戸,6.24,7.24,9.05,14.25,9.62,10.32,19.73,,,,,
椎名町,6.88,8.13,9.84,13.21,8.50,10.97,,,,23.89,,
東長崎,6.47,7.84,8.73,12.97,,10.35,,,,23.86,,
江古田,6.81,6.97,10.51,11.31,,10.20,,,,,,
桜台,6.54,7.45,8.50,11.69,9.01,10.73,12.53,,,,,
練馬,6.73,7.60,9.51,12.32,8.90,10.91,16.25,,,,,
中村橋,6.33,7.04,8.48,11.40,7.24,13.57,,,,,,
富士見台,5.80,6.98,7.93,11.06,,9.78,13.29,,,,,
練馬高野台,6.18,6.43,9.52,10.70,,9.36,14.73,,,14.76,,
石神井公園,6.77,6.98,8.91,12.43,,8.73,15.16,,,,,
大泉学園,6.32,7.01,7.94,10.03,,,13.38,,,,,
保谷,4.89,6.21,6.60,11.93,,,12.11,,9.60,13.74,,
ひばりヶ丘,5.47,6.63,8.23,8.48,,7.66,,,,,,
東久留米,4.78,5.79,8.16,,,7.98,10.37,,,14.64,,
清瀬,4.93,5.89,,9.05,,,10.96,,,,,
秋津,5.30,5.64,,9.00,,6.35,8.05,,,,,
所沢,4.81,5.40,6.22,8.29,,6.94,11.90,,8.34,,,
西所沢,5.30,5.41,,7.76,,6.17,,,,,,
小手指,3.88,6.17,,9.30,,5.99,7.94,,,,,
狭山ヶ丘,4.37,5.16,,7.03,,5.48,7.46,,,8.44,,
武蔵藤沢,,5.02,,7.45,,5.18,7.43,,,,,
稲荷山公園,,,,,,,,,,,,
入間市,,5.06,,,,,,,,,,
仏子,,4.17,,,,,,,,,,
元加治,,4.07,,7.33,,5.32,6.72,,,,,
飯能,4.11,5.12,,,,5.30,,,,,,
西武新宿,7.46,8.71,12.76,,,,,,,,,
下落合,7.27,8.31,10.05,13.92,11.84,11.82,20.07,,,,,
中井,6.49,8.06,10.03,12.70,9.75,11.60,17.44,,,,,
新井薬師前,7.03,7.73,9.91,12.73,8.84,11.49,16.68,,,,,
沼袋,6.09,7.26,9.29,11.95,9.40,11.57,18.91,,,15.00,,
野方,6.19,7.23,8.48,11.47,,10.77,15.84,,,,,
都立家政,5.95,7.12,8.78,11.23,,10.01,14.10,,,,,
鷺ノ宮,6.17,7.28,8.89,11.28,8.32,9.70,14.21,,,,,
下井草,6.40,6.97,8.35,11.08,,9.76,13.96,,,,,
井荻,6.76,6.77,9.49,12.63,12.05,8.99,16.40,,,16.25,,
上井草,5.87,6.44,,9.25,6.60,9.21,11.93,,,,,
上石神井,6.67,7.19,8.72,9.50,8.35,9.97,10.90,,11.97,,,
武蔵関,6.68,6.55,8.63,11.06,,9.19,14.25,,,14.92,,
東伏見,5.65,6.71,9.48,9.52,6.50,7.89,,,,,,
西武柳沢,4.93,5.96,6.65,8.03,,7.67,8.68,,,,,
田無,5.51,6.24,7.71,9.15,,7.60,11.86,,,12.15,,
花小金井,5.68,5.80,,9.87,,7.16,15.99,,,14.08,,
小平,4.08,4.88,,8.98,,7.00,,,,,,
久米川,4.73,6.65,,8.95,,,15.50,,,,,
東村山,4.41,4.92,,,,7.33,,,,,,
航空公園,4.22,5.10,,7.64,,,7.85,,,,,
新所沢,4.34,5.76,,7.85,7.18,8.20,,,,,,
入曽,3.65,5.32,,7.30,,5.83,,,,,,
狭山市,3.40,4.62,,7.12,,6.88,8.71,,,,,
新狭山,3.54,5.08,6.93,,,,,,,8.25,,
南大塚,,4.76,,6.01,,,7.16,,,,,
本川越,5.30,5.30,7.08,8.37,5.95,6.81,,,,,,
萩山,3.75,4.22,,,,,9.25,,,,,
小川,4.36,6.04,,7.32,,6.77,,,,,,
東大和市,3.72,4.96,,,6.77,7.02,8.05,,,,,
玉川上水,4.04,4.36,,8.57,,6.87,,,,,,
武蔵砂川,4.99,5.21,,6.85,,6.07,7.89,,,7.43,,
西武立川,,4.80,,7.30,,,,,,8.21,,
新桜台,5.96,7.10,9.40,12.24,7.89,9.47,,,,,,
一橋学園,4.32,5.18,6.79,8.50,,6.97,8.43,,,11.17,,
青梅街道,4.45,5.28,,,,7.21,8.31,,,,,
八坂,3.79,6.46,,8.77,,7.12,,,8.23,,,
武蔵大和,,4.44,,6.30,,5.68,7.40,,,,,
多摩湖,,,,,,,,,,,,
新小金井,5.84,5.88,6.80,9.80,,8.32,,,,,,
多磨,4.85,5.82,,8.80,,7.01,,,,,,
白糸台,4.68,6.42,,8.58,7.20,7.89,9.72,,,,,
競艇場前,,5.02,,8.33,5.84,,,,,,,
是政,,5.26,,8.64,,,12.60,,,,,
恋ヶ窪,5.18,6.17,8.53,7.99,,6.90,,,,,,
鷹の台,3.93,5.40,,8.50,,,,,,,,
豊島園,6.62,6.85,8.97,15.16,,9.56,20.09,,,18.44,,
西武園ゆうえんち,,,,,,,,,,,,
西武球場前,,,,,,,,,,,,
西武園,,,,,,,,,,,,
新宿西口,11.49,9.81,,,,,,,,,,
若松河田,7.91,9.33,10.96,19.38,13.40,14.26,29.88,,,28.55,,
牛込柳町,9.68,9.47,12.51,19.32,,,28.06,,,33.61,,
牛込神楽坂,10.66,10.04,13.20,20.19,15.13,,28.87,,,50.88,,
春日,9.36,9.26,12.94,17.95,8.50,19.64,25.93,,23.20,39.42,,
上野御徒町,10.67,9.51,,16.69,,,,,,,,
新御徒町,8.93,10.12,12.33,15.61,,16.77,20.32,,,26.03,,
蔵前,9.37,9.94,12.00,16.18,10.69,17.46,20.13,,,25.92,,
森下,8.58,9.32,11.51,15.21,9.31,11.33,19.09,,,25.77,,
勝どき,12.02,10.12,14.74,18.44,12.86,15.43,26.56,,,26.50,,
築地市場,11.69,10.47,14.49,18.56,,,22.94,,,,,
汐留,14.02,12.31,,22.76,,18.33,29.51,,,,,
大門,12.21,11.39,16.60,19.55,,19.67,31.58,,,29.61,,
赤羽橋,11.78,11.58,14.49,23.59,11.76,16.41,39.55,,,88.75,,
国立競技場,11.83,12.57,14.25,23.97,,,29.96,,,,,
都庁前,9.39,10.02,11.79,22.91,,,29.84,,,,,
西新宿五丁目,8.73,9.15,11.84,16.47,8.55,13.10,23.84,,,29.69,,
落合南長崎,6.83,7.82,8.99,12.85,9.22,10.63,13.70,,,,,
新江古田,6.90,7.33,9.69,14.77,8.81,10.98,15.68,,,21.27,,
練馬春日町,6.52,7.46,10.09,12.19,,9.32,14.17,,,,,
光が丘,6.96,6.59,,10.36,,,,,,,,
三田,10.77,10.48,14.22,19.96,,15.27,32.61,,,43.80,,
芝公園,12.30,10.48,13.81,20.07,,,30.85,,,,,
御成門,11.99,10.97,16.59,21.68,,,34.25,,,,,
内幸町,12.35,10.84,12.12,,,,,,,,,
白山,8.61,8.45,12.65,15.76,8.87,12.05,23.03,,,35.20,,
千石,8.38,8.92,10.36,15.67,10.01,13.07,20.29,15.93,,,,
西巣鴨,6.97,7.97,9.28,12.72,8.98,12.20,18.15,,,,,
新板橋,6.30,8.56,9.30,12.71,9.23,9.93,21.22,,,,13.50,
板橋区役所前,7.10,7.89,9.28,12.94,8.27,10.55,14.08,,,18.59,,
板橋本町,6.48,7.62,9.08,11.35,8.52,10.99,15.91,,,23.17,,
本蓮沼,6.35,7.10,10.13,12.61,9.12,10.45,16.62,,11.17,18.83,,
志村坂上,6.44,7.01,9.96,12.24,8.18,8.28,16.25,,,16.91,,
志村三丁目,5.70,7.03,8.30,9.81,7.11,8.37,11.58,,,15.08,,
蓮根,6.33,7.24,8.72,10.81,6.78,8.32,14.56,,,13.93,,
西台,6.46,7.27,7.82,11.20,6.91,7.71,13.48,,,13.88,,
高島平,6.87,7.20,8.07,9.74,7.24,8.67,,,9.66,,,
新高島平,4.98,6.89,7.93,10.91,6.62,8.90,9.82,,9.66,,,
西高島平,6.29,7.17,8.37,,,7.32,,,,10.39,,
曙橋,9.00,10.01,13.27,18.93,,,27.33,,,,,
市ヶ谷,9.60,10.04,14.63,19.08,13.74,,31.06,,,57.83,,
岩本町,10.29,10.31,14.27,17.04,,19.53,24.13,,,,,
馬喰横山,10.06,10.08,15.04,17.17,,17.44,22.79,,17.50,,,
浜町,10.67,9.94,12.30,17.74,,16.30,24.74,,,,,
菊川,8.52,9.18,11.78,14.50,10.91,12.93,18.84,,,,,
西大島,7.89,8.43,10.01,11.64,9.89,11.24,16.37,,,16.01,,
大島,7.37,8.87,8.64,11.87,8.82,9.67,14.18,,,16.82,,
東大島,6.32,8.90,,10.05,8.58,,,,,,,13.90
船堀,6.24,7.58,,11.11,,8.69,12.23,,,,,
一之江,6.23,6.70,7.34,12.31,,8.44,14.01,,,,,
瑞江,6.65,6.49,7.23,10.84,,8.78,11.91,,,12.79,,
篠崎,6.06,6.62,7.57,10.41,,8.33,11.77,,10.70,,,
西馬込,8.20,8.06,10.22,13.41,,12.14,18.29,,,20.78,,
馬込,7.81,7.97,10.22,13.60,12.11,11.18,14.49,,,,,
戸越,8.74,9.41,11.63,14.98,9.83,13.81,21.05,,,,,
高輪台,10.15,9.70,13.54,17.88,18.72,,29.68,,,41.39,,
泉岳寺,12.48,10.78,15.04,20.67,,,26.88,,,,,
宝町,9.57,10.02,14.54,17.93,,,26.55,,,,,
東日本橋,8.81,10.25,12.21,16.90,,18.83,24.44,,,,,
本所吾妻橋,9.15,9.62,10.39,16.02,,11.56,17.58,,,20.60,,
三ノ輪橋,7.71,8.02,9.03,13.67,,10.03,14.96,,,,,
荒川一中前,6.29,7.74,7.88,12.98,,,,,,,,
荒川区役所前,,7.93,7.74,12.99,,,14.60,,,,,
荒川二丁目,,7.67,,,,,,,,,,
荒川七丁目,5.92,7.89,,,,,,,,,,
町屋駅前,6.33,7.34,,10.42,,,,,,,,
町屋二丁目,6.19,7.03,,,,,,,,,,
東尾久三丁目,6.17,6.78,7.61,,,,,,,,,
熊野前,5.92,7.03,7.82,12.69,,8.97,14.20,,11.80,,,
宮ノ前,6.26,6.99,,10.58,6.38,,,,,,,
小台,5.98,6.72,7.50,10.33,7.65,8.87,,,,,,
荒川遊園地前,5.14,7.30,,11.23,,9.00,,,,,,
荒川車庫前,6.24,7.14,,10.20,,,,,,,,
梶原,6.11,6.31,,,,,,,,,,
栄町,6.60,6.65,,10.41,,,,,,,,
王子駅前,6.86,8.32,,,,,,,,,,
飛鳥山,7.32,8.41,7.23,,,,,,,,,
滝野川一丁目,5.94,7.20,,13.07,,,,,,,,
西ヶ原四丁目,6.68,8.06,,12.61,,,,,,,,
新庚申塚,6.70,7.58,,,,,,,,,,
庚申塚,7.22,9.08,11.57,11.80,,,,,,,,
巣鴨新田,7.35,8.08,9.35,13.77,,10.08,19.61,,,,,
大塚駅前,7.46,8.65,9.66,13.81,,11.53,,,,,,
向原,6.89,8.28,11.79,15.55,9.85,10.78,,,,,,
東池袋四丁目,,8.95,,,,,,,,,,
都電雑司ヶ谷,6.44,8.53,,,,,,,,,,
鬼子母神前,,8.32,,,,,,,,,,
学習院下,7.59,9.55,,,,,,,,,,
面影橋,7.65,7.91,,14.69,,,,,,,,
赤土小学校前,6.99,8.73,8.70,11.80,8.15,10.38,15.43,,,,,
足立小台,4.95,7.15,,,,8.87,,,,,,
扇大橋,6.85,6.53,,10.46,,8.26,9.74,,,,,
高野,7.59,6.11,7.50,10.02,,7.89,12.91,,,,,
江北,6.23,6.79,8.16,9.13,,7.03,12.90,,,,,
西新井大師西,5.75,6.74,7.64,9.43,,7.90,,,,,,
谷在家,5.35,6.58,7.97,9.07,,7.38,,,,,,
舎人公園,5.97,6.40,8.30,8.49,,,9.98,,,,,
舎人,6.73,6.31,,8.40,7.79,8.33,9.37,,,,,
見沼代親水公園,5.51,5.83,,8.38,7.90,9.22,,,,11.66,,
初台,8.87,9.67,13.35,17.65,12.48,15.88,28.41,,,,,
幡ヶ谷,8.74,8.78,13.07,15.36,,,18.65,,,,,
笹塚,8.45,8.86,12.69,16.27,8.77,12.32,21.73,,,33.18,,
代田橋,7.14,8.55,10.81,14.62,10.68,10.66,17.63,,,,,
明大前,7.02,7.80,10.14,14.68,9.83,9.87,22.91,,,27.82,,
桜上水,6.67,7.63,9.51,13.66,,11.00,,,,,,
上北沢,6.68,7.78,9.13,12.81,,11.65,,,,,,
八幡山,6.45,7.35,9.12,11.89,9.04,10.37,16.27,,,,,
芦花公園,5.96,7.47,10.31,12.95,,10.71,15.76,,,,,
千歳烏山,7.15,7.70,10.24,12.36,8.69,10.01,17.62,,,,,
仙川,7.53,7.04,9.74,11.91,9.80,10.17,14.83,,,18.50,,
つつじヶ丘,6.61,6.77,8.43,11.32,,10.68,13.82,,,16.73,,
柴崎,5.66,6.43,8.10,10.68,,9.60,12.20,,,17.48,,
国領,5.51,6.51,,10.74,,9.34,14.88,,8.16,,,
布田,5.88,6.60,6.38,10.68,7.85,9.25,15.48,,11.58,13.29,,
調布,6.31,6.87,7.68,13.80,8.38,9.97,,,,17.75,,
西調布,5.26,5.99,5.84,10.09,,7.44,,,,11.87,,
飛田給,6.22,6.06,6.44,,6.95,8.03,11.58,,,16.67,,
武蔵野台,5.04,5.84,7.50,8.87,7.28,7.89,10.24,,8.50,,,
多磨霊園,4.48,5.93,,9.31,,8.51,10.39,,,,,
東府中,4.23,6.23,6.43,10.03,,7.85,10.56,,,,,
府中,6.39,7.05,6.83,10.92,,9.06,12.27,,,14.56,,
中河原,5.65,5.94,,8.89,,7.57,,,,,,
聖蹟桜ヶ丘,5.50,6.16,,9.44,,,12.53,,,16.92,,
百草園,3.76,4.54,,8.15,,6.39,,,,,,
高幡不動,4.34,5.00,6.28,8.62,,7.12,,,8.33,9.26,,
南平,6.23,4.98,4.71,7.70,6.45,,8.01,,8.57,10.31,,
平山城址公園,3.80,4.73,,7.61,,6.70,8.85,,,,,
長沼,3.53,4.31,7.10,7.50,,,8.39,,10.78,9.49,,
北野,4.38,5.13,,7.61,6.69,,10.70,,7.57,10.95,,
京王八王子,4.63,6.21,7.54,10.94,6.27,7.16,12.06,,7.97,,,
神泉,10.78,12.23,13.97,20.74,,,31.21,,,86.90,,
駒場東大前,9.13,9.46,12.93,19.80,,,30.24,,,,,
池ノ上,8.14,8.22,9.99,15.42,10.36,,23.93,,,29.33,,
下北沢,9.87,8.70,9.88,19.59,10.10,,26.87,,,41.99,,
新代田,8.63,8.08,7.15,20.84,9.21,,28.62,,,,,
東松原,7.14,7.44,9.42,13.80,,12.49,,,,,,
永福町,6.72,7.61,10.07,13.05,8.67,11.68,18.86,,,19.98,,
西永福,6.91,7.34,9.40,12.90,6.65,11.16,19.50,,14.30,22.33,,
浜田山,6.46,7.58,9.17,14.22,,,17.79,,,24.55,,
高井戸,6.75,7.51,8.48,11.99,,,15.75,,,,,
富士見ヶ丘,6.17,7.14,,11.94,,9.91,,,,,,
久我山,6.48,7.15,10.05,12.56,,11.51,16.16,,,19.50,,
三鷹台,5.90,6.58,6.66,11.43,7.80,11.14,13.72,,,19.80,,
井の頭公園,6.44,7.00,9.23,14.44,9.20,,17.88,,,,,
京王多摩川,5.34,6.28,7.45,10.28,7.89,7.85,11.85,,,,,
京王稲田堤,4.84,5.67,5.71,8.48,6.91,7.47,9.83,,9.52,,,
京王よみうりランド,3.96,5.10,6.55,8.08,,,9.74,,,,,
稲城,4.11,5.30,,9.29,,7.22,12.96,,,9.74,,
若葉台,,5.73,,11.85,,,13.11,,,,,
京王永山,5.68,5.26,,9.26,,6.85,11.95,,,,,
京王多摩センター,5.89,6.56,,,,,,,,14.67,,
京王堀之内,4.58,4.66,,9.28,,,,,,8.85,,
南大沢,4.15,4.69,6.42,9.03,,,8.30,,,12.66,,
多摩境,5.83,5.16,,8.12,,,,,6.67,,,
京王片倉,3.97,4.60,4.67,7.70,5.76,6.29,8.96,,7.98,,,
山田,3.97,3.99,,6.65,,,,,7.80,,,
めじろ台,4.38,5.48,,,,7.33,,,,,,
狭間,4.07,4.40,3.81,,,6.54,,,7.38,10.06,,
高尾山口,,,,,,,,,,,,
多摩動物公園,2.69,4.30,,,3.60,,,,,,,
府中競馬正門前,6.18,6.72,,11.40,,8.37,,,,,,
京成上野,6.84,,,16.68,,,,,,,,
新三河島,6.83,7.72,8.69,12.69,7.21,10.31,15.40,,,19.68,,
京成町屋,6.18,7.24,7.80,12.00,8.71,10.46,,,,,,
千住大橋,6.31,7.63,8.41,11.87,7.72,8.41,12.60,,,,,
京成関屋,6.26,7.24,8.15,10.94,6.73,8.71,13.16,,,,,
堀切菖蒲園,5.89,6.24,7.29,9.34,6.64,7.63,10.02,,12.00,,,
お花茶屋,6.28,7.14,,,,8.14,11.10,,,13.03,,
青砥,7.17,7.29,7.71,10.19,7.25,9.53,12.94,,,,,
京成高砂,5.96,6.72,7.18,9.19,5.82,7.98,10.39,,10.54,,,
京成小岩,5.89,6.52,7.04,8.76,6.82,8.48,11.52,,10.66,,,
江戸川,5.93,6.12,6.02,8.84,,8.84,,,,15.00,,
国府台,6.50,6.04,5.84,7.81,6.54,7.45,16.20,,13.00,21.64,,
市川真間,6.32,6.41,7.04,9.62,7.06,8.34,11.55,,,,,
菅野,4.83,5.13,7.18,8.76,6.24,6.30,,,,,,
京成八幡,6.36,6.72,7.89,9.64,7.12,8.57,10.98,,9.55,,,
鬼越,5.65,5.90,6.47,9.59,6.41,7.36,10.17,,,,,
京成中山,5.17,6.49,7.87,9.43,5.58,6.70,,,,12.63,,
東中山,4.75,6.07,7.43,8.27,,6.69,11.13,,,13.20,,
京成西船,6.42,6.49,7.78,9.59,7.22,8.93,,,8.24,,,
海神,7.02,6.09,,8.08,5.72,6.15,9.72,,,10.98,,
京成船橋,6.18,6.63,7.05,11.58,5.82,8.11,12.88,6.77,,16.87,,
大神宮下,5.42,5.85,6.92,9.01,7.25,7.26,,,,,,
船橋競馬場,5.14,6.14,,8.79,5.45,,8.82,,,,,
谷津,5.75,5.54,,8.31,5.59,,,,8.50,10.71,,
京成津田沼,5.94,5.69,6.57,9.92,,7.03,10.90,,,12.15,,
京成大久保,4.52,4.80,5.85,8.30,,6.78,8.48,,,,,
実籾,4.77,4.46,,7.80,,,,,,,,
八千代台,4.59,6.10,4.63,6.36,,,6.87,,,,,
京成大和田,5.19,4.06,4.60,6.37,,4.95,6.77,,5.87,,,
勝田台,,5.15,4.45,7.21,5.08,,7.56,,6.05,,,
志津,3.17,4.17,,6.88,,5.12,6.85,,6.23,8.54,,
ユーカリが丘,4.08,3.83,,6.83,,,,,,,,
京成臼井,,4.84,,6.54,,,,,6.40,,,
京成佐倉,,5.05,,7.43,,,6.13,,,,,
大佐倉,,,,,,,,,,,,
京成酒々井,,5.12,,,,5.53,,,,,,
宗吾参道,5.90,5.31,,6.05,,4.60,,,,,,
公津の杜,,6.26,6.90,7.44,,6.48,8.38,,,,,
京成成田,12.91,6.12,,6.88,,6.01,,,,,,
東成田,,,,,,,,,,,,
空港第２ビル,,,,,,,,,,,,
成田空港,,,,,,,,,,,,
京成曳舟,6.97,7.67,8.88,12.26,,9.35,18.64,,,,,
八広,6.85,7.70,9.06,12.45,,8.94,,,,,,
四ツ木,6.01,6.88,8.50,9.92,6.77,10.18,10.24,,,14.15,,
京成立石,5.85,6.91,7.44,8.76,6.54,8.61,11.39,,,,,
柴又,5.43,6.10,7.14,8.74,,7.60,10.36,,,,,
京成金町,5.26,6.13,6.49,9.98,6.17,7.76,10.30,,,13.54,,
新鎌ヶ谷,6.27,6.02,,7.93,,6.27,10.04,,,6.00,,
千葉ニュータウン中央,,,,,,,,,,,,
印旛日本医大,,,,,,,,,,,,
成田湯川,,,,,,,,,,,,
北池袋,7.25,8.43,10.33,14.94,8.59,8.69,17.74,,,,,
下板橋,7.72,8.19,9.92,13.00,8.82,9.94,,,,,,
大山,7.00,7.75,8.43,11.41,8.91,9.59,15.20,,,18.43,,
中板橋,7.26,7.47,8.99,10.65,7.41,9.45,12.18,,,,,
ときわ台,7.30,7.44,8.64,11.74,8.72,9.11,,,,,,
上板橋,6.44,7.26,9.58,10.38,8.69,9.12,12.83,,11.55,,,
東武練馬,7.00,7.52,8.55,11.41,,,,,,,,
下赤塚,6.84,7.44,7.58,12.84,8.38,8.66,13.14,,11.20,,,
成増,6.57,6.89,7.92,11.15,7.10,9.37,12.02,,10.99,14.24,,
朝霞,5.88,5.86,5.86,9.37,,7.93,13.74,,,16.97,,
朝霞台,4.67,6.04,,9.50,6.60,7.89,10.35,,,11.03,,
志木,5.05,5.57,8.03,10.25,,,11.82,,,13.10,,
柳瀬川,,4.71,,8.06,,,,,,8.20,,
みずほ台,5.43,5.34,5.56,7.61,,6.98,8.48,,,,,
鶴瀬,4.38,5.34,,8.03,,7.68,,,,9.14,,
ふじみ野,5.44,6.46,6.84,8.62,,7.89,9.64,,,11.59,,
上福岡,3.63,5.07,,,,8.01,10.81,,,,,
新河岸,5.15,4.51,,6.58,,5.25,7.01,,,,,
川越市,5.21,5.29,,8.76,,6.46,8.91,,,,,
東武霞ヶ関,3.88,4.38,5.44,6.35,,,,,,,,
鶴ヶ島,3.91,4.49,,6.31,,5.37,6.39,,,8.49,,
若葉,,5.07,,,,,9.35,,6.58,9.60,,
坂戸,4.63,4.28,,,,,,,6.46,,,
北坂戸,4.52,4.45,,6.20,,,,,,,,
高坂,3.42,4.18,,,,,,,,,,
東松山,4.53,4.80,,6.71,,,,,,7.10,,
森林公園,,4.66,,,,,,,,,,
つきのわ,,4.96,,,,,,,,,,
武蔵嵐山,4.81,,,,,4.59,,,,,,
東武竹沢,,,,,,,,,,,,
みなみ寄居,,,,,,,,,,,,
男衾,,,,,,,,,,,,
鉢形,,,,,,,,,,,,
玉淀,,,,,,,,,,,,
とうきょうスカイツリー,9.26,9.60,10.23,16.15,9.93,13.76,17.31,,,,,
曳舟,7.43,8.19,9.05,14.33,8.71,9.45,16.73,,,13.70,,
東向島,7.23,7.78,8.61,12.09,,10.13,16.51,,,,,
鐘ヶ淵,6.29,7.27,9.20,9.55,,9.54,,,,,,
堀切,6.50,7.48,,9.67,,,,,,,,
牛田,6.44,7.18,8.06,12.16,,8.43,14.50,,,,,
小菅,5.78,6.13,7.87,10.32,6.69,7.32,,,,13.06,,
五反野,5.86,6.51,7.07,10.94,,7.62,9.95,,9.28,,,
梅島,5.90,6.38,8.03,9.35,,11.76,,,,,,
西新井,6.48,6.43,7.59,10.19,,8.00,11.69,,,17.39,,
竹ノ塚,5.49,6.03,7.14,8.75,,8.05,10.33,,,,,
谷塚,5.55,5.64,5.71,,,,,,,,,
草加,6.07,5.84,7.59,9.43,,7.69,10.10,,,,,
獨協大学前,4.41,5.14,6.81,9.17,,8.59,13.28,,,10.53,,
新田,,5.13,,7.19,,6.63,8.32,,,,,
蒲生,5.83,5.54,,,,5.63,,,,,,
新越谷,6.24,5.63,,,,,,,,,,
越谷,6.52,6.58,6.37,7.52,7.50,6.50,,,,,,
北越谷,4.97,4.69,,7.46,,,,,,,,
大袋,,5.36,,7.54,,5.76,7.58,,6.70,,,
せんげん台,,5.59,,8.71,6.25,,,,5.99,,,
武里,,4.31,,7.05,,,,,,,,
一ノ割,4.16,4.27,,6.52,,5.18,6.65,,,,,
春日部,5.32,5.62,5.24,7.18,,5.63,,,,,,
北春日部,4.98,4.52,5.58,6.78,,5.77,8.50,,,,,
姫宮,,5.04,,,,,,,,,,
東武動物公園,2.67,3.53,,5.24,,4.62,6.67,,,,,
和戸,,,,,,,,,,,,
鷲宮,,4.58,,5.95,,4.82,,,,,,
花崎,,4.33,,5.85,,,,,,,,
加須,,4.30,,,,,6.59,,,,,
南羽生,,3.79,,,,5.45,,,,,,
羽生,,5.22,,5.81,,,,,,,,
大師前,6.28,6.47,6.74,9.90,5.97,7.22,8.86,,,,,
小村井,7.07,7.63,8.39,12.36,7.32,11.66,16.13,,,,,
東あずま,6.21,7.26,7.64,11.02,6.90,10.29,,,,15.23,,
亀戸水神,6.80,7.96,9.37,12.73,7.44,9.20,16.50,,,,,
北品川,9.19,9.75,,17.36,,,31.23,,,32.10,,
新馬場,7.74,8.98,10.95,16.18,,,21.39,,,24.82,,
青物横丁,8.19,9.43,11.01,16.20,,12.77,20.94,,,,,
鮫洲,8.42,10.08,13.67,15.82,,12.85,20.59,,,,,
立会川,8.08,9.01,10.97,15.33,,14.55,17.64,,,,,
大森海岸,8.09,8.65,9.28,14.62,10.43,12.83,16.28,,,,,
平和島,6.79,7.41,8.87,12.14,10.08,11.17,14.71,,,20.82,,
大森町,6.98,8.10,9.35,12.08,10.25,10.24,14.56,,,,,
梅屋敷,7.09,7.97,10.55,12.14,,12.84,14.09,,14.13,,,
京急蒲田,7.86,8.24,10.27,13.12,9.46,14.19,15.56,,14.12,19.13,,
雑色,6.80,7.75,8.55,11.68,,,,,,,,
六郷土手,6.42,7.73,8.23,11.26,,,,,,,,
京急川崎,6.91,7.54,9.96,12.70,,,,,,,,
鶴見市場,5.87,6.95,,10.77,,8.57,12.23,,,,,
京急鶴見,6.25,7.48,8.79,10.35,7.38,9.63,13.98,,10.94,17.11,,
花月総持寺,5.47,6.69,8.04,10.88,7.96,,10.87,,,,,
生麦,5.79,6.72,7.43,9.90,7.86,,,,11.11,,,
京急新子安,4.82,6.89,,10.48,,,16.43,,,,,
子安,5.67,6.76,8.24,,7.67,9.66,,,,,,
神奈川新町,5.70,7.32,,10.10,,,,,,,,
京急東神奈川,7.51,8.32,10.81,,,,13.85,,,,,
神奈川,7.23,7.99,11.29,14.48,,9.00,22.20,,,26.14,,
戸部,5.93,6.93,8.84,11.13,,,12.30,,,21.65,,
日ノ出町,6.23,8.07,9.66,10.69,,8.92,,,,,,
黄金町,6.20,6.87,8.14,,9.03,9.10,12.97,,,12.17,,
南太田,5.32,6.52,7.31,8.70,7.26,,,,,,,
井土ヶ谷,5.56,6.66,,9.86,,,11.07,,,,,
弘明寺,4.90,5.85,6.33,9.77,,,,,,,,
上大岡,5.80,6.35,6.56,9.43,8.13,8.18,,,,,,
屏風浦,5.13,5.53,,,6.72,,,,,,,
杉田,5.86,6.26,,9.42,,7.90,,,,,,
京急富岡,5.34,5.55,,,,,,,,,,
能見台,4.49,5.14,,,,,,,,,,
金沢文庫,5.58,6.01,,,,,,,,,,
金沢八景,6.00,5.96,,,,,,,,,,
追浜,5.05,5.68,,,,,,,,,,
京急田浦,4.84,4.71,,,,6.23,,,,,,
安針塚,4.65,4.90,,,,,,,,,,
逸見,,,,,,,,,,,,
汐入,4.75,5.09,,,,,,,,,,
横須賀中央,5.46,6.37,,,,,,,,,,
県立大学,5.96,5.78,,,,,,,,,,
堀ノ内,5.20,5.54,,,,,,,,,,
京急大津,5.51,7.06,,,,,,,,,,
馬堀海岸,,4.43,,,,,,,,,,
浦賀,3.48,4.18,,,,,,,,,,
糀谷,7.50,8.05,8.53,12.65,,11.58,16.56,,,,,
大鳥居,7.60,7.79,8.19,12.46,10.07,12.77,16.59,,,,,
穴守稲荷,6.82,7.60,,12.69,8.43,11.28,17.60,,,,,
天空橋,6.77,7.76,,10.55,8.64,,,,,,,
羽田空港第３ターミナル,,,,,,,,,,,,
羽田空港第１・第２ターミナル,,,,,,,,,,,,
南新宿,11.35,11.28,,21.74,,,32.79,,,,,
参宮橋,8.77,9.93,12.45,20.51,,18.06,42.47,,,,,
代々木八幡,10.65,9.41,10.61,20.67,,,29.57,,,46.13,,
東北沢,8.23,8.75,12.31,15.58,,13.41,19.57,,,38.63,,
世田谷代田,9.09,8.55,,15.72,9.57,,,,,,,
梅ヶ丘,7.16,7.43,7.91,13.16,,10.81,,,,,,
豪徳寺,7.02,7.52,9.20,17.58,9.85,10.97,20.15,,,,,
経堂,7.51,8.19,11.00,15.27,,13.39,,,,22.88,,
千歳船橋,7.08,7.38,9.93,13.00,12.00,,19.49,,,25.75,,
祖師ヶ谷大蔵,7.31,7.37,9.99,13.57,,12.22,18.56,,,23.68,,
成城学園前,7.51,7.04,10.31,15.35,,12.64,24.99,,,23.25,,
喜多見,5.50,6.58,,10.08,,9.34,13.51,,,,,
狛江,5.55,6.12,7.28,9.94,,8.66,,,,15.73,,
和泉多摩川,6.74,5.97,7.64,9.58,,8.23,,,,,,
向ヶ丘遊園,5.64,6.36,7.72,14.60,12.67,9.28,11.97,,,,,
生田,5.34,5.79,,,5.58,6.46,,,,,,
読売ランド前,4.57,5.13,,9.13,,6.25,,,,,,
百合ヶ丘,5.04,5.46,6.87,9.15,,8.94,11.85,,8.68,,,
新百合ヶ丘,5.92,6.43,,10.99,,9.05,,,,,,
柿生,5.06,5.32,,8.78,,7.56,12.44,,7.57,,,
鶴川,4.88,5.01,,8.71,,8.27,,,,,,
玉川学園前,4.79,5.52,,7.74,,,,,,,,
相模大野,6.03,5.52,,9.47,7.10,7.98,10.55,,9.29,15.63,,
小田急相模原,4.31,5.05,,8.66,,6.78,9.50,,8.01,9.33,,
相武台前,5.22,5.16,,8.00,,6.97,7.56,,7.17,15.13,,
座間,4.54,4.85,6.30,,,5.24,,,,,,
海老名,5.60,6.82,7.56,10.07,,9.01,7.29,,,16.76,,
厚木,4.77,5.24,6.06,7.80,,6.39,,,7.54,,,
本厚木,6.23,6.17,,9.03,,,9.58,,7.77,11.11,,
愛甲石田,5.21,5.73,,8.04,,6.10,8.24,,6.88,6.92,,
伊勢原,5.15,4.78,5.81,,,,8.08,,6.97,,,
鶴巻温泉,3.66,4.75,5.10,7.09,,5.60,7.25,,,,,
東海大学前,4.62,4.60,4.81,6.66,,5.85,,,6.66,,,
秦野,5.19,4.75,5.87,6.95,,5.77,8.11,,,,,
渋沢,,5.24,5.31,6.68,,,,,5.27,,,
新松田,,4.13,,,,,,,5.70,,,
開成,,4.36,,,,5.08,6.20,,,,,
栢山,,4.76,,6.16,,4.84,6.41,,,,,
富水,4.10,4.37,,,,4.78,6.51,,5.40,7.54,,
螢田,,5.05,5.08,5.81,,5.04,5.83,,5.70,,,
足柄,,4.33,,6.06,,5.45,5.78,,5.62,,,
五月台,,4.16,,8.72,,8.08,,,8.20,,,
栗平,,4.95,,,,,,,,,,
黒川,,4.49,,6.90,,,10.85,,7.85,8.77,,
はるひ野,,6.15,,10.04,,,,,,,,
小田急永山,4.51,4.07,,,,6.78,11.18,,8.46,9.42,,
小田急多摩センター,5.35,5.45,,,,,9.30,,,14.67,,
唐木田,4.63,4.76,,,5.20,,,,,,,
多摩センター,,4.84,,,,,,,,,,
松が谷,,4.17,,,,,,,,,,
大塚・帝京大学,5.61,5.23,,,,,9.06,,,,,
中央大学・明星大学,5.83,5.50,,,,,,,8.70,,,
程久保,3.80,4.37,5.85,8.52,,5.53,6.20,,7.30,,,
万願寺,5.89,4.94,,8.13,,7.68,9.97,,,9.27,,
甲州街道,6.09,5.35,6.60,8.41,,8.08,10.67,,,,,
柴崎体育館,5.62,6.72,5.61,10.98,9.03,8.01,,,,,,
立川南,5.32,6.74,,12.50,7.33,8.84,12.48,,,19.58,,
立川北,5.40,7.08,,12.63,,7.84,,,,,,
高松,4.44,5.73,,11.08,,7.52,,,,,,
立飛,4.28,4.11,,,,,,,,,,
泉体育館,4.32,4.88,,8.76,,7.41,,,,,,
砂川七番,4.47,4.39,,8.28,,6.96,9.48,,,8.24,,
桜街道,,5.39,,,,6.88,7.97,,,,,
上北台,5.08,5.31,,7.64,,7.19,7.80,,6.90,,,
新柴又,5.33,6.27,,9.70,6.23,7.39,12.08,,10.07,13.64,,
矢切,5.29,5.22,5.80,,,,8.40,,7.27,,,
北国分,6.82,5.93,,,,,,,,,,
秋山,,5.10,,6.93,,,9.00,,,,,
松飛台,,4.64,,8.01,,,7.16,,,,,
大町,,,,,,,,,,,,
西白井,,5.39,,,,,7.90,,,,,
白井,,,,,,,,,,,,
小室,,,,,,,,,,,,
印西牧の原,,,,,,,,,,,,
東雲,14.46,9.15,,16.46,,,16.72,,,,,
国際展示場,,,,,,,,,,27.60,,
東京テレポート,,,,16.98,,,28.70,,,,,
天王洲アイル,9.11,9.54,,18.07,,,26.89,,,,,
品川シーサイド,9.54,11.09,12.35,17.82,,,22.13,,,26.36,,
大井競馬場前,,7.53,,,,,,,,,,
流通センター,,,,,,,,,,,,
昭和島,,6.99,,11.67,,,,,,,,
整備場,,,,,,,,,,,,
新整備場,,,,,,,,,,,,
羽田空港第１ターミナル,,,,,,,,,,,,
羽田空港第２ターミナル,,,,,,,,,,,,
竹芝,,13.50,,24.19,,,,,,,,
日の出,12.10,10.93,,20.90,,,21.95,,,,,
芝浦ふ頭,10.67,10.55,,18.78,,,21.23,,,53.17,,
お台場海浜公園,,,,16.94,,,24.03,,,,,
台場,,,,,,,,,,,,
東京国際クルーズターミナル,,,,,,,,,,,,
テレコムセンター,,,,,,,,,,,,
青海,,,,,,,,,,,,
東京ビッグサイト,,,,,,,,,,,,
有明,,,,,,,,,,,,
有明テニスの森,,,,17.10,,,,,,27.00,,
市場前,,,,,,,,,,,,
新豊洲,,11.33,15.59,17.96,,,24.48,,,,,
川口元郷,5.49,6.46,7.51,9.13,6.14,8.33,,,,,,
南鳩ヶ谷,6.28,5.84,,8.01,,6.96,9.51,,,,,
鳩ヶ谷,6.04,5.95,5.53,7.47,6.90,,,,,,,
新井宿,,5.19,,,,,,,,,,
戸塚安行,5.87,6.10,6.70,7.47,,6.40,,,7.20,8.20,,
浦和美園,,6.32,,9.49,,,14.04,,,,,
青井,5.40,6.27,6.56,9.76,6.42,7.11,14.14,,8.20,,,
六町,5.72,6.98,7.30,11.31,,8.63,11.66,,,15.70,,
八潮,6.17,7.00,7.66,8.53,7.86,,10.96,,,,,
三郷中央,6.57,6.72,7.32,8.75,,,,,,,,
流山セントラルパーク,7.63,6.67,,8.23,,,,,,14.95,,
流山おおたかの森,8.01,7.94,,11.06,,,13.65,,,16.36,,
柏の葉キャンパス,8.29,8.07,9.36,11.14,,,20.57,,,22.07,,
柏たなか,7.70,7.12,,9.20,,,12.66,,,,,
